{
  "assetsByChunkName": {
    "vendors~app-account~app-confirmation~app-order": "chunk.6905fd49c04ad30401de.js",
    "vendors~app-account~app-checkout": "chunk.4038e85ad60a2f4f4d7c.js",
    "vendors~app-cart~app-checkout": "chunk.fde13ad9958e5ff9e65f.js",
    "ProductVariations": "ProductVariations.7e5c0107c0aa99e55559.js",
    "admin": [
      "admin.f22ce72d6c2a5ccb8937.js",
      "admin.f22ce72d6c2a5ccb8937.js.map"
    ],
    "app-account": "chunk.4d4f23fa8d3dd87d940c.js",
    "app-confirmation": "chunk.5a66ea461daa7c0288b5.js",
    "app-order": "chunk.e6d724a02db514500192.js",
    "checkout": [
      "checkout.de604563135c74e8ff88.js",
      "checkout.de604563135c74e8ff88.js.map"
    ],
    "storefront": [
      "storefront.402a0a45817640fc3fdf.css",
      "storefront.7900823245866f29abb3.js",
      "storefront.402a0a45817640fc3fdf.css.map",
      "storefront.7900823245866f29abb3.js.map"
    ],
    "vendors~app-cart": "chunk.f4ec3dca1657af737727.js",
    "vendors~app-checkout": "chunk.1bc0ff1142529b907436.js"
  }
}