{
  "meta_title": "",
  "meta_description": "",
  "sections": [
    {
      "type": "banner-slider",
      "autoplay": 9000,
      "slides": [
        {
          "img": "/img/uploads/banner-alternativa.png",
          "link": "/",
          "alt": "Headset banner",
          "start": "2020-04-11T05:54:06.750Z",
          "end": ""
        }
      ]
    },
    {
      "type": "custom-html-home",
      "html": "<div class=\"row\"><div class=\"container home-container\" ></div></div>"
    },
    {
      "type": "responsive-banner",
      "img": "/img/uploads/frete-gratis-tarja.png",
      "alt": "Tarja Frete",
      "mobile_img": ""
    },
    {
      "type": "custom-html",
      "html": "<h4 class=\"brands-carousel__title\">Nossas Marcas</h4>"
    },
    {
      "type": "brands-carousel",
      "limit": 10,
      "offset": 0,
      "sort": null,
      "autoplay": 1000
    },
    {
      "type": "custom-html",
      "html": "<h4 class=\"filter-carousel__title\">Compre por numeração</h4>"
    },
    {
      "type": "category-filters",
      "banners": [
        {
          "img": "/img/uploads/MENINA.png",
          "alt": "Menina",
          "link": "/",
          "items": [
            {
              "text": "P"
            },
            {
              "text": "M"
            },
            {
              "text": "G"
            },
            {
              "text": "G"
            },
            {
              "text": "P"
            },
            {
              "text": "M"
            },
            {
              "text": "G"
            },
            {
              "text": "G"
            },
            {
              "text": "G"
            },
            {
              "text": "P"
            },
            {
              "text": "M"
            },
            {
              "text": "G"
            },
            {
              "text": "G"
            }
          ]
        },
        {
          "img": "/img/uploads/MENINA.png",
          "alt": "Menina",
          "link": "/",
          "items": [
            {
              "text": "P"
            },
            {
              "text": "M"
            },
            {
              "text": "G"
            },
            {
              "text": "G"
            },
            {
              "text": "P"
            },
            {
              "text": "M"
            },
            {
              "text": "G"
            },
            {
              "text": "G"
            },
            {
              "text": "G"
            },
            {
              "text": "P"
            },
            {
              "text": "M"
            },
            {
              "text": "G"
            },
            {
              "text": "G"
            }
          ]
        },
        {
          "img": "/img/uploads/MENINO.png",
          "alt": "Menino",
          "link": "/",
          "items": [

          ]
        },
        {
          "img": "/img/uploads/MENINA.png",
          "alt": "Menina",
          "link": "/",
          "items": [
            {
              "text": "P"
            },
            {
              "text": "M"
            },
            {
              "text": "G"
            },
            {
              "text": "G"
            },
            {
              "text": "P"
            },
            {
              "text": "M"
            },
            {
              "text": "G"
            },
            {
              "text": "G"
            },
            {
              "text": "G"
            },
            {
              "text": "P"
            },
            {
              "text": "M"
            },
            {
              "text": "G"
            },
            {
              "text": "G"
            }
          ]
        },
        {
          "img": "/img/uploads/MENINO.png",
          "alt": "Menino",
          "link": "/",
          "items": [

          ]
        }
      ]
    },
    {
      "type": "info-bar",
      "enabled": false
    },
    {
      "type": "collection-shelf",
      "shuffle": true,
      "collection_id": null,
      "limit": 12,
      "page": 1
    },
    {
      "type": "page-title",
      "title": "Loja demo da E-Com Plus",
      "description": "Loja de demonstração e testes da plataforma E-Com Plus e Storefront. Todos os produtos, preços e informações são meramente ilustrativos."
    }
  ]
}
