{
  "sections": [
    {
      "type": "custom-html-home",
      "html": "<div class=\"row\"><div class=\"container home-container\" ></div></div>"
    },
    {
      "type": "breadcrumbs",
      "enabled": true
    },
    {
      "type": "product-block",
      "enabled": true
    },
    {
      "type": "related-products",
      "title": "Produtos relacionados"
    },
    {
      "type": "recommended-products",
      "title": "Quem comprou este produto, também comprou:"
    },
    {
      "type": "product-description",
      "enabled": true
    },
    {
      "type": "product-specifications",
      "enabled": true
    }
  ]
}
